,age,bmi,children,charges
count,1337.0,1337.0,1337.0,1337.0
mean,39.222139117427076,30.66345175766642,1.0957367240089753,13279.121486655948
std,14.044332734156422,6.100468409615801,1.2055714286412185,12110.359656344179
min,18.0,15.96,0.0,1121.8739
25%,27.0,26.29,0.0,4746.344
50%,39.0,30.4,1.0,9386.1613
75%,51.0,34.7,2.0,16657.71745
max,64.0,53.13,5.0,63770.42801
